MeterID,Zone,ConsumerType,Date,EnergyConsumed_kWh,PeakUsage_kWh,OutageMinutes,MeterStatus,TariffRate
M1000,Central,Commercial,2024-04-05,85.81,1.01,106,Faulty,3.91
M1001,North,Residential,2024-10-22,17.95,3.01,56,Faulty,4.81
M1002,South,Commercial,2024-04-20,6.42,9.31,118,Active,6.48
M1003,North,Residential,2024-06-13,97.88,5.69,37,Faulty,5.76
M1004,North,Commercial,2024-02-12,29.49,3.11,12,Faulty,5.97
M1005,Central,Commercial,2024-03-22,95.67,6.34,105,Faulty,8.94
M1006,North,Commercial,2024-07-14,13.87,2.59,56,Active,4.53
M1007,Central,Industrial,2024-01-21,45.04,2.57,40,Faulty,6.43
M1008,North,Residential,2024-12-11,84.13,7.69,91,Active,4.24
M1009,North,Industrial,2024-09-25,18.36,2.21,56,Active,9.43
M1010,Central,Commercial,2024-12-29,75.88,7.09,44,Faulty,9.38
M1011,South,Industrial,2024-02-10,80.77,8.67,33,Faulty,7.24
M1012,South,Commercial,2024-12-19,41.03,4.06,76,Active,5.31
M1013,North,Industrial,2024-06-16,36.54,8.73,106,Active,6.64
M1014,North,Industrial,2024-10-08,72.21,8.67,58,Faulty,8.85
M1015,South,Commercial,2024-01-21,95.98,9.0,98,Active,7.78
M1016,Central,Residential,2024-11-07,9.79,7.06,38,Faulty,6.54
M1017,South,Residential,2024-11-28,19.62,5.14,62,Faulty,5.08
M1018,Central,Commercial,2024-07-17,64.55,3.78,5,Active,6.0
M1019,Central,Residential,2024-08-29,68.89,5.93,16,Faulty,8.44
M1020,Central,Industrial,2024-02-20,17.3,3.53,29,Active,5.04
M1021,Central,Industrial,2024-03-15,85.44,3.1,69,Faulty,9.39
M1022,South,Residential,2024-07-18,6.66,9.11,87,Faulty,3.66
M1023,South,Residential,2024-04-15,44.61,1.42,66,Faulty,8.83
M1024,Central,Commercial,2024-03-10,68.35,8.75,30,Faulty,6.3
M1025,South,Commercial,2024-01-13,93.18,2.18,13,Faulty,4.31
M1026,North,Residential,2024-01-15,43.81,9.95,79,Active,9.64
M1027,South,Industrial,2024-12-22,48.89,2.05,72,Faulty,4.95
M1028,North,Residential,2024-06-03,75.56,1.81,76,Active,4.33
M1029,North,Industrial,2024-06-12,94.28,3.91,17,Active,7.11
M1030,South,Industrial,2024-09-11,32.46,3.56,40,Faulty,7.03
M1031,Central,Industrial,2024-04-11,65.38,6.38,18,Active,3.73
M1032,North,Commercial,2024-06-25,12.81,4.89,46,Faulty,5.1
M1033,South,Residential,2024-04-20,86.26,2.47,13,Faulty,8.3
M1034,South,Residential,2024-05-18,21.29,1.91,110,Faulty,6.32
M1035,North,Commercial,2024-02-04,92.76,1.96,99,Active,9.05
M1036,North,Residential,2024-01-20,89.38,4.3,54,Faulty,9.53
M1037,North,Residential,2024-12-26,97.59,3.76,62,Faulty,5.17
M1038,Central,Residential,2024-06-20,49.69,2.46,39,Faulty,9.44
M1039,South,Commercial,2024-08-11,70.06,5.15,77,Active,7.86
M1040,South,Commercial,2024-04-29,16.11,2.09,67,Faulty,9.49
M1041,South,Industrial,2024-06-07,52.97,7.77,27,Active,4.03
M1042,North,Commercial,2024-08-18,50.65,5.93,93,Active,6.79
M1043,South,Industrial,2024-01-09,65.15,8.51,119,Active,4.1
M1044,North,Commercial,2024-10-12,87.55,2.79,44,Active,3.52
M1045,South,Industrial,2024-06-07,30.59,1.99,12,Active,3.59
M1046,Central,Industrial,2024-05-13,88.43,8.6,38,Active,9.53
M1047,South,Industrial,2024-09-07,34.02,2.22,29,Faulty,7.34
M1048,South,Residential,2024-08-22,20.58,5.74,36,Faulty,7.51
M1049,North,Commercial,2024-06-28,83.78,3.37,101,Active,8.93
M1050,North,Residential,2024-09-17,94.66,4.36,73,Faulty,8.52
M1051,North,Commercial,2024-04-20,40.89,2.1,69,Active,7.67
M1052,North,Industrial,2024-09-27,63.09,8.91,4,Faulty,9.41
M1053,Central,Commercial,2024-06-06,36.47,4.37,41,Active,3.38
M1054,Central,Industrial,2024-04-20,18.78,5.62,104,Faulty,4.34
M1055,Central,Residential,2024-12-27,53.44,3.28,31,Faulty,7.44
M1056,Central,Commercial,2024-06-22,19.61,7.91,13,Faulty,6.98
M1057,Central,Residential,2024-04-11,17.42,3.86,41,Active,9.38
M1058,Central,Commercial,2024-07-29,13.65,1.95,119,Active,6.5
M1059,Central,Commercial,2024-11-30,32.8,8.55,66,Faulty,7.32
M1060,North,Industrial,2024-08-27,7.99,3.69,48,Active,8.16
M1061,South,Commercial,2024-12-07,23.1,2.73,106,Faulty,5.48
M1062,South,Industrial,2024-11-04,22.62,6.94,74,Active,3.44
M1063,South,Commercial,2024-05-03,21.87,6.81,20,Faulty,8.59
M1064,North,Industrial,2024-03-15,23.56,5.16,59,Active,5.16
M1065,South,Residential,2024-07-09,28.54,6.08,17,Faulty,7.35
M1066,North,Commercial,2024-03-02,96.12,6.83,114,Faulty,9.11
M1067,North,Industrial,2024-04-30,70.04,7.92,39,Faulty,6.49
M1068,Central,Industrial,2024-01-13,16.0,5.73,13,Faulty,6.48
M1069,North,Commercial,2024-02-14,32.6,7.33,41,Active,7.31
M1070,North,Residential,2024-07-01,86.88,9.18,81,Faulty,9.43
M1071,North,Commercial,2024-11-30,99.37,4.84,23,Faulty,4.63
M1072,Central,Residential,2024-04-14,73.25,6.7,95,Faulty,6.77
M1073,Central,Commercial,2024-10-15,51.77,3.08,117,Active,5.04
M1074,Central,Residential,2024-10-29,65.15,7.91,3,Active,6.08
M1075,Central,Industrial,2024-03-20,24.8,6.78,50,Faulty,9.99
M1076,Central,Industrial,2024-03-31,43.54,7.84,59,Active,7.43
M1077,North,Industrial,2024-09-01,79.42,8.38,55,Active,4.7
M1078,North,Residential,2024-12-06,51.64,4.4,88,Faulty,9.22
M1079,Central,Commercial,2024-03-09,86.19,9.03,1,Faulty,7.96
M1080,South,Industrial,2024-04-12,76.48,4.51,83,Faulty,3.94
M1081,Central,Industrial,2024-11-16,20.98,4.25,21,Active,7.06
M1082,South,Industrial,2024-07-23,57.77,4.8,113,Active,7.41
M1083,South,Commercial,2024-10-26,12.84,4.25,36,Active,9.92
M1084,Central,Commercial,2024-08-17,31.48,4.86,91,Active,7.17
M1085,South,Residential,2024-12-01,97.27,5.29,18,Faulty,9.29
M1086,North,Commercial,2024-06-18,84.77,3.72,39,Faulty,5.97
M1087,North,Commercial,2024-02-21,54.94,9.27,30,Active,7.23
M1088,South,Commercial,2024-06-27,78.95,2.49,105,Faulty,6.16
M1089,South,Commercial,2024-02-03,61.54,6.06,15,Faulty,5.45
M1090,North,Industrial,2024-08-08,76.48,9.74,58,Active,9.61
M1091,South,Residential,2024-01-27,47.53,4.45,58,Active,9.88
M1092,Central,Residential,2024-06-27,6.27,1.1,46,Active,7.7
M1093,Central,Industrial,2024-07-21,78.43,8.78,69,Faulty,4.05
M1094,Central,Industrial,2024-06-29,23.7,4.25,60,Faulty,7.27
M1095,South,Residential,2024-12-30,42.39,3.74,103,Active,7.41
M1096,North,Industrial,2024-12-12,59.52,1.11,99,Active,3.86
M1097,North,Commercial,2024-08-28,68.22,1.09,110,Faulty,6.04
M1098,Central,Industrial,2024-12-07,66.3,7.43,38,Active,8.18
M1099,Central,Commercial,2024-04-10,93.89,10.0,33,Faulty,9.81
M1100,South,Industrial,2024-07-03,48.46,2.48,48,Faulty,4.08
M1101,Central,Industrial,2024-03-11,52.85,4.04,47,Faulty,3.29
M1102,South,Residential,2024-11-02,76.82,6.66,52,Faulty,7.89
M1103,South,Commercial,2024-04-03,16.98,7.23,58,Faulty,7.56
M1104,North,Industrial,2024-11-05,42.27,5.22,82,Faulty,8.28
M1105,North,Commercial,2024-08-14,72.96,2.9,58,Active,4.48
M1106,South,Residential,2024-02-11,55.14,1.33,101,Active,4.25
M1107,South,Industrial,2024-01-19,18.24,8.62,24,Active,6.54
M1108,South,Industrial,2024-01-11,32.48,5.53,22,Active,7.97
M1109,South,Residential,2024-10-27,67.05,7.47,27,Active,8.08
M1110,South,Residential,2024-01-23,81.41,3.52,72,Active,7.33
M1111,North,Industrial,2024-06-06,46.07,2.69,14,Active,4.06
M1112,South,Commercial,2024-05-19,85.39,8.58,84,Faulty,4.63
M1113,North,Residential,2024-10-06,68.88,8.91,97,Faulty,3.39
M1114,Central,Commercial,2024-11-18,30.88,3.28,101,Faulty,8.44
M1115,Central,Commercial,2024-02-28,34.7,6.7,24,Faulty,6.08
M1116,North,Residential,2024-03-10,62.2,5.14,83,Faulty,8.78
M1117,North,Commercial,2024-05-10,90.23,5.61,13,Faulty,6.96
M1118,North,Commercial,2024-09-05,38.68,5.89,10,Active,7.3
M1119,North,Commercial,2024-12-27,37.34,1.62,78,Faulty,8.76
M1120,Central,Residential,2024-02-22,21.52,6.63,100,Active,4.0
M1121,North,Commercial,2024-06-16,44.67,5.42,43,Faulty,8.75
M1122,North,Residential,2024-08-23,13.62,2.93,36,Faulty,8.53
M1123,South,Residential,2024-02-03,50.66,2.33,94,Active,6.81
M1124,South,Industrial,2024-09-13,68.02,8.59,113,Active,5.95
M1125,Central,Commercial,2024-01-18,18.02,8.48,67,Faulty,8.66
M1126,North,Industrial,2024-05-24,26.93,9.67,32,Active,3.38
M1127,South,Industrial,2024-04-25,79.81,8.35,66,Active,6.63
M1128,Central,Commercial,2024-10-22,75.43,5.6,80,Active,5.75
M1129,North,Industrial,2024-11-09,19.42,4.22,55,Faulty,9.21
M1130,South,Residential,2024-05-27,89.46,2.09,77,Faulty,9.96
M1131,North,Residential,2024-03-09,96.64,5.02,85,Active,4.33
M1132,North,Residential,2024-06-03,47.69,6.71,76,Faulty,3.74
M1133,South,Commercial,2024-05-07,66.83,5.04,40,Active,8.5
M1134,North,Industrial,2024-11-19,11.59,1.96,44,Active,6.15
M1135,Central,Industrial,2024-12-31,62.89,1.27,114,Active,5.54
M1136,North,Commercial,2024-01-13,68.69,3.36,63,Active,5.04
M1137,North,Industrial,2024-10-17,34.95,8.91,110,Active,8.1
M1138,Central,Residential,2024-08-26,52.69,3.24,27,Faulty,8.01
M1139,South,Residential,2024-09-03,24.42,3.85,29,Faulty,8.03
M1140,South,Industrial,2024-11-30,91.44,3.0,82,Active,5.96
M1141,South,Residential,2024-02-01,63.0,8.46,15,Faulty,8.21
M1142,North,Industrial,2024-04-11,46.94,5.45,96,Faulty,8.49
M1143,North,Commercial,2024-06-22,63.49,7.26,47,Faulty,4.71
M1144,Central,Commercial,2024-01-16,58.94,5.21,29,Active,6.09
M1145,North,Residential,2024-04-20,71.11,2.95,75,Faulty,8.45
M1146,South,Commercial,2024-03-05,86.36,1.74,94,Faulty,8.52
M1147,South,Industrial,2024-06-13,53.63,2.82,99,Active,5.62
M1148,North,Commercial,2024-07-30,65.47,5.98,104,Faulty,5.12
M1149,South,Industrial,2024-02-21,43.5,6.42,92,Active,5.03
M1150,North,Commercial,2024-09-09,83.76,8.76,80,Active,9.33
M1151,North,Industrial,2024-02-21,35.71,5.74,91,Active,5.17
M1152,Central,Residential,2024-11-17,9.3,5.78,103,Active,5.29
M1153,Central,Industrial,2024-08-24,26.96,1.58,51,Faulty,6.71
M1154,Central,Industrial,2024-03-01,74.75,4.0,84,Faulty,9.76
M1155,Central,Industrial,2024-05-13,10.25,5.78,5,Faulty,8.13
M1156,North,Residential,2024-05-20,70.12,7.87,43,Faulty,9.89
M1157,South,Industrial,2024-10-02,93.47,4.86,80,Faulty,8.36
M1158,South,Commercial,2024-02-08,50.37,5.57,109,Faulty,8.81
M1159,North,Commercial,2024-09-26,74.64,4.99,34,Active,5.22
M1160,North,Residential,2024-12-24,91.68,8.7,59,Faulty,7.39
M1161,South,Residential,2024-07-17,96.29,2.52,108,Active,7.44
M1162,South,Commercial,2024-10-15,21.18,2.73,41,Faulty,3.31
M1163,North,Industrial,2024-05-08,57.2,8.61,33,Faulty,8.33
M1164,South,Industrial,2024-10-27,75.76,6.67,98,Faulty,9.52
M1165,South,Residential,2024-11-16,50.62,4.18,68,Faulty,9.9
M1166,South,Industrial,2024-12-28,19.05,3.19,26,Faulty,7.17
M1167,Central,Commercial,2024-08-07,13.75,1.57,63,Faulty,7.78
M1168,North,Residential,2024-05-04,78.01,2.16,23,Active,4.36
M1169,Central,Commercial,2024-07-31,24.24,6.16,86,Faulty,5.06
M1170,South,Commercial,2024-12-08,22.67,3.42,2,Active,4.32
M1171,South,Residential,2024-08-15,93.36,8.96,108,Faulty,7.18
M1172,Central,Commercial,2024-07-27,6.49,2.22,112,Active,5.28
M1173,Central,Commercial,2024-04-23,10.66,6.5,116,Faulty,8.92
M1174,South,Residential,2024-03-06,79.95,6.88,40,Faulty,6.54
M1175,North,Residential,2024-07-02,90.74,6.22,66,Active,4.61
M1176,Central,Industrial,2024-12-25,81.03,8.66,103,Active,9.15
M1177,North,Residential,2024-07-14,79.86,5.89,105,Faulty,4.66
M1178,Central,Commercial,2024-02-13,38.64,2.74,85,Active,9.46
M1179,North,Commercial,2024-03-06,73.8,6.39,66,Faulty,6.8
M1180,South,Industrial,2024-02-06,38.71,9.54,49,Faulty,8.71
M1181,Central,Industrial,2024-07-29,79.85,9.35,83,Faulty,8.18
M1182,North,Commercial,2024-07-11,18.92,4.42,44,Faulty,3.97
M1183,South,Industrial,2024-07-19,16.12,9.5,111,Faulty,9.99
M1184,Central,Industrial,2024-05-27,92.17,7.15,27,Faulty,5.15
M1185,South,Industrial,2024-07-01,91.95,8.89,112,Faulty,4.74
M1186,North,Industrial,2024-02-28,16.94,5.85,21,Active,9.46
M1187,South,Industrial,2024-03-20,17.53,9.05,120,Faulty,6.36
M1188,North,Commercial,2024-11-23,81.15,1.56,33,Active,4.57
M1189,South,Commercial,2024-09-18,40.14,2.28,105,Faulty,6.99
M1190,North,Residential,2024-10-29,76.65,5.85,55,Active,7.52
M1191,North,Residential,2024-08-28,55.76,4.7,48,Faulty,3.78
M1192,Central,Industrial,2024-05-01,79.21,9.55,97,Active,9.42
M1193,North,Commercial,2024-07-18,91.01,7.25,108,Faulty,5.07
M1194,South,Industrial,2024-06-30,85.59,6.03,17,Faulty,5.79
M1195,Central,Residential,2024-05-14,38.23,3.14,44,Active,6.45
M1196,North,Commercial,2024-11-06,64.71,6.27,6,Active,5.77
M1197,Central,Commercial,2024-03-04,29.57,5.9,77,Active,5.36
M1198,North,Commercial,2024-02-19,46.1,8.09,87,Faulty,6.09
M1199,South,Industrial,2024-02-08,22.91,8.28,111,Active,3.76
M1200,South,Residential,2024-03-29,88.27,7.65,80,Active,4.8
M1201,North,Commercial,2024-07-02,26.16,6.21,104,Faulty,8.22
M1202,South,Industrial,2024-11-23,5.81,9.87,44,Faulty,3.64
M1203,South,Residential,2024-02-11,65.81,7.75,47,Active,8.11
M1204,North,Industrial,2024-05-21,45.27,1.51,98,Active,6.66
M1205,South,Industrial,2024-03-05,7.38,7.22,40,Active,8.81
M1206,Central,Industrial,2024-06-29,13.62,7.34,42,Faulty,4.51
M1207,North,Residential,2024-04-17,38.31,3.25,90,Faulty,4.16
M1208,North,Residential,2024-07-15,26.78,3.32,1,Faulty,8.51
M1209,South,Commercial,2024-01-08,86.1,3.67,21,Faulty,7.58
M1210,North,Commercial,2024-12-10,94.86,8.4,71,Active,5.13
M1211,Central,Industrial,2024-03-13,70.11,7.26,23,Faulty,4.6
M1212,North,Residential,2024-05-01,15.81,5.19,35,Faulty,3.85
M1213,North,Residential,2024-06-02,26.51,9.23,39,Faulty,9.19
M1214,North,Industrial,2024-02-27,89.7,9.19,57,Faulty,9.22
M1215,South,Commercial,2024-06-17,98.29,5.96,115,Active,6.58
M1216,North,Industrial,2024-04-03,20.73,2.07,46,Faulty,8.93
M1217,Central,Industrial,2024-12-24,28.99,9.13,72,Active,7.38
M1218,Central,Commercial,2024-01-10,29.56,9.08,43,Active,7.47
M1219,North,Residential,2024-05-27,84.72,8.72,41,Faulty,6.1
M1220,South,Industrial,2024-09-10,21.96,2.88,45,Active,9.19
M1221,South,Industrial,2024-11-09,65.81,8.46,95,Faulty,4.89
M1222,Central,Residential,2024-12-21,63.83,2.46,93,Faulty,8.94
M1223,South,Residential,2024-04-03,14.76,2.59,13,Active,6.77
M1224,North,Industrial,2024-09-14,62.09,5.0,60,Active,4.91
M1225,North,Commercial,2024-08-31,93.18,7.31,22,Faulty,3.51
M1226,South,Residential,2024-11-11,33.01,2.66,63,Faulty,6.62
M1227,South,Residential,2024-04-29,97.25,6.38,22,Faulty,5.99
M1228,North,Residential,2024-11-01,31.48,8.98,14,Faulty,6.34
M1229,Central,Commercial,2024-07-25,24.32,2.53,2,Faulty,7.2
M1230,South,Commercial,2024-11-24,67.67,4.17,65,Faulty,3.7
M1231,South,Commercial,2024-05-31,94.67,8.18,112,Active,7.79
M1232,South,Commercial,2024-04-19,18.46,8.11,87,Faulty,5.61
M1233,North,Industrial,2024-08-22,84.94,8.18,116,Active,4.82
M1234,Central,Commercial,2024-04-28,8.06,9.15,90,Active,5.75
M1235,Central,Industrial,2024-09-30,33.91,8.95,51,Active,7.48
M1236,North,Industrial,2024-11-24,75.37,3.12,14,Faulty,3.95
M1237,Central,Residential,2024-08-15,36.51,4.44,21,Faulty,3.64
M1238,South,Residential,2024-07-15,90.81,1.92,53,Active,8.1
M1239,North,Residential,2024-06-19,61.87,1.28,1,Active,8.93
M1240,South,Residential,2024-07-01,86.91,2.65,35,Active,5.95
M1241,North,Industrial,2024-10-02,82.6,6.64,68,Faulty,6.68
M1242,Central,Residential,2024-12-07,69.56,1.25,41,Active,4.61
M1243,Central,Residential,2024-12-06,15.49,3.92,15,Faulty,7.6
M1244,South,Residential,2024-05-14,15.7,2.17,33,Active,6.36
M1245,South,Industrial,2024-08-26,72.67,1.94,113,Active,8.21
M1246,North,Commercial,2024-02-28,80.94,9.18,102,Active,5.46
M1247,South,Industrial,2024-08-27,19.2,3.32,112,Active,9.25
M1248,Central,Industrial,2024-04-14,29.46,9.61,26,Faulty,8.81
M1249,South,Residential,2024-11-04,19.29,4.22,43,Active,7.25
M1250,Central,Residential,2024-03-13,69.36,4.92,46,Active,6.63
M1251,Central,Residential,2024-11-07,81.84,1.48,64,Active,9.23
M1252,South,Industrial,2024-02-04,50.32,6.37,58,Active,7.38
M1253,South,Residential,2024-06-27,11.29,1.4,77,Active,3.52
M1254,Central,Industrial,2024-08-14,12.73,9.87,15,Active,9.68
M1255,South,Industrial,2024-04-24,91.77,7.28,49,Active,7.69
M1256,Central,Industrial,2024-01-27,79.29,8.56,68,Faulty,7.31
M1257,North,Industrial,2024-11-13,59.71,4.22,8,Faulty,4.74
M1258,South,Residential,2024-03-11,7.55,6.44,31,Faulty,8.68
M1259,North,Residential,2024-08-19,71.14,7.16,81,Active,5.44
M1260,South,Commercial,2024-03-18,99.52,2.21,109,Faulty,9.45
M1261,South,Industrial,2024-03-28,70.81,3.81,43,Active,3.11
M1262,South,Industrial,2024-06-30,95.52,6.18,22,Faulty,6.94
M1263,North,Industrial,2024-06-18,83.67,5.28,106,Active,4.82
M1264,South,Commercial,2024-06-22,42.23,5.04,31,Faulty,5.41
M1265,South,Commercial,2024-05-21,72.94,4.0,103,Active,5.95
M1266,Central,Commercial,2024-02-07,26.09,5.54,77,Active,4.51
M1267,North,Residential,2024-11-29,12.84,3.49,101,Active,8.37
M1268,Central,Industrial,2024-01-06,37.5,8.81,77,Faulty,9.6
M1269,South,Industrial,2024-02-11,38.76,5.4,58,Faulty,4.09
M1270,South,Industrial,2024-04-27,8.06,7.41,36,Active,6.77
M1271,Central,Industrial,2024-03-29,34.08,4.2,102,Active,8.31
M1272,South,Residential,2024-04-24,38.46,4.67,92,Active,3.92
M1273,North,Commercial,2024-08-30,28.27,6.28,54,Faulty,6.39
M1274,North,Commercial,2024-11-23,88.62,9.92,94,Faulty,8.02
M1275,South,Industrial,2024-09-30,95.8,6.43,116,Faulty,5.85
M1276,Central,Commercial,2024-03-09,90.01,1.46,118,Active,7.84
M1277,North,Commercial,2024-04-11,8.33,2.77,24,Active,3.26
M1278,Central,Industrial,2024-04-09,52.79,1.95,119,Active,7.51
M1279,South,Commercial,2024-04-21,64.52,9.31,76,Faulty,9.53
M1280,South,Commercial,2024-09-28,20.26,3.8,61,Active,6.51
M1281,Central,Residential,2024-12-28,84.89,3.55,23,Active,3.68
M1282,North,Residential,2024-05-29,73.27,1.03,52,Faulty,8.3
M1283,North,Commercial,2024-02-29,58.23,9.47,102,Faulty,5.79
M1284,South,Commercial,2024-12-04,9.34,6.48,114,Faulty,9.55
M1285,South,Commercial,2024-11-22,12.95,8.78,65,Faulty,9.23
M1286,North,Commercial,2024-08-05,89.41,1.13,78,Active,3.16
M1287,South,Residential,2024-04-01,21.94,9.64,87,Active,4.07
M1288,South,Industrial,2024-05-22,60.01,3.23,9,Faulty,6.73
M1289,North,Commercial,2024-04-30,71.27,2.26,76,Faulty,8.99
M1290,North,Residential,2024-12-14,24.94,9.3,77,Faulty,6.1
M1291,South,Industrial,2024-05-16,23.38,6.92,93,Active,8.8
M1292,North,Commercial,2024-07-19,44.79,9.58,89,Faulty,4.2
M1293,South,Residential,2024-11-18,65.3,3.03,23,Faulty,5.02
M1294,Central,Commercial,2024-04-25,99.3,8.99,85,Active,9.25
M1295,North,Commercial,2024-05-28,14.31,4.12,87,Active,5.41
M1296,Central,Residential,2024-10-02,43.25,4.47,21,Faulty,8.86
M1297,North,Industrial,2024-06-21,36.97,5.19,86,Active,9.31
M1298,South,Industrial,2024-01-20,26.68,3.19,0,Faulty,3.22
M1299,Central,Commercial,2024-05-23,56.8,2.09,82,Faulty,6.27
M1300,North,Residential,2024-07-06,34.66,9.25,9,Active,3.67
M1301,North,Residential,2024-12-30,50.55,7.34,17,Active,6.13
M1302,South,Commercial,2024-11-08,54.88,3.1,19,Faulty,5.01
M1303,North,Residential,2024-10-29,66.78,1.11,37,Faulty,7.06
M1304,Central,Commercial,2024-09-24,37.42,1.81,35,Faulty,7.72
M1305,North,Industrial,2024-03-12,53.33,3.36,72,Active,9.59
M1306,South,Residential,2024-01-21,90.96,8.02,114,Active,7.56
M1307,South,Industrial,2024-03-13,77.64,2.81,109,Faulty,9.46
M1308,North,Residential,2024-11-26,13.53,7.75,77,Active,9.25
M1309,South,Commercial,2024-12-20,17.15,7.16,106,Faulty,9.65
M1310,Central,Industrial,2024-04-23,63.45,5.56,108,Active,6.39
M1311,North,Commercial,2024-09-16,65.26,9.68,13,Faulty,4.14
M1312,North,Residential,2024-02-01,83.49,7.96,50,Faulty,3.8
M1313,South,Residential,2024-02-26,47.88,6.0,37,Active,4.61
M1314,North,Residential,2024-10-24,17.65,5.89,19,Active,6.15
M1315,South,Industrial,2024-04-17,81.02,1.37,40,Active,7.89
M1316,Central,Commercial,2024-03-01,88.84,1.7,119,Active,5.2
M1317,North,Residential,2024-01-26,89.44,4.21,105,Active,6.51
M1318,North,Commercial,2024-12-18,7.0,4.61,53,Faulty,9.94
M1319,Central,Residential,2024-05-31,65.03,9.46,109,Active,8.37
M1320,Central,Residential,2024-08-23,93.99,4.07,73,Faulty,3.79
M1321,Central,Industrial,2024-08-16,86.57,6.2,63,Faulty,6.51
M1322,North,Commercial,2024-09-09,99.78,9.54,24,Active,3.18
M1323,Central,Commercial,2024-09-24,42.45,5.78,9,Faulty,4.48
M1324,Central,Residential,2024-04-06,70.3,5.44,89,Active,4.85
M1325,North,Residential,2024-02-08,33.02,3.09,45,Faulty,7.71
M1326,South,Commercial,2024-06-30,90.23,8.02,59,Active,9.46
M1327,North,Industrial,2024-10-18,8.13,5.68,38,Faulty,7.84
M1328,North,Residential,2024-06-29,24.38,3.09,16,Active,6.09
M1329,North,Industrial,2024-12-07,73.34,6.59,66,Faulty,4.26
M1330,Central,Residential,2024-11-10,48.3,9.64,14,Faulty,3.32
M1331,North,Commercial,2024-11-22,92.77,1.18,30,Faulty,8.65
M1332,Central,Residential,2024-03-12,35.08,6.64,69,Faulty,6.75
M1333,South,Residential,2024-03-11,31.56,9.24,118,Faulty,6.42
M1334,South,Residential,2024-04-19,35.15,7.61,119,Faulty,9.74
M1335,North,Commercial,2024-05-26,30.92,8.33,54,Faulty,5.57
M1336,Central,Industrial,2024-12-21,53.31,1.96,13,Faulty,3.94
M1337,North,Industrial,2024-10-05,86.21,2.6,32,Faulty,8.95
M1338,North,Commercial,2024-03-13,67.99,9.1,4,Active,4.3
M1339,North,Commercial,2024-12-31,18.83,1.24,85,Faulty,7.13
M1340,North,Residential,2024-03-01,97.76,6.0,94,Active,7.47
M1341,Central,Residential,2024-11-29,12.06,7.06,64,Active,3.75
M1342,Central,Industrial,2024-03-30,87.12,9.27,36,Active,3.08
M1343,Central,Residential,2024-12-28,76.33,4.73,120,Faulty,9.41
M1344,South,Commercial,2024-06-09,58.27,8.86,16,Active,5.31
M1345,Central,Industrial,2024-11-15,6.92,6.46,25,Active,9.27
M1346,South,Residential,2024-09-02,74.3,1.38,24,Faulty,9.34
M1347,South,Industrial,2024-08-07,35.0,8.97,110,Active,7.76
M1348,South,Residential,2024-03-19,51.42,2.81,102,Faulty,4.84
M1349,North,Industrial,2024-07-09,53.41,3.81,17,Active,9.3
M1350,Central,Residential,2024-04-06,93.08,6.81,96,Faulty,9.18
M1351,North,Commercial,2024-09-04,16.59,1.89,35,Faulty,5.11
M1352,North,Industrial,2024-11-28,14.55,9.15,94,Faulty,5.78
M1353,Central,Residential,2024-05-04,17.63,2.16,92,Faulty,4.75
M1354,South,Industrial,2024-04-24,46.2,1.29,74,Active,8.88
M1355,North,Residential,2024-12-26,65.17,1.25,94,Active,9.94
M1356,North,Residential,2024-06-16,94.28,5.33,68,Active,4.19
M1357,South,Industrial,2024-06-14,38.8,8.82,38,Faulty,5.89
M1358,Central,Residential,2024-01-03,69.3,6.1,1,Active,3.76
M1359,South,Commercial,2024-04-02,58.52,3.95,88,Faulty,4.4
M1360,South,Industrial,2024-02-13,16.24,6.97,10,Active,6.02
M1361,South,Commercial,2024-05-19,84.65,2.94,12,Active,7.08
M1362,South,Industrial,2024-10-25,84.06,8.85,73,Active,3.66
M1363,North,Residential,2024-07-28,18.48,9.18,39,Faulty,4.94
M1364,North,Industrial,2024-03-14,78.02,6.6,38,Faulty,6.71
M1365,South,Commercial,2024-04-11,88.87,8.69,70,Faulty,6.62
M1366,North,Industrial,2024-10-26,78.77,6.65,114,Active,3.55
M1367,Central,Industrial,2024-07-04,65.55,7.89,65,Faulty,7.39
M1368,North,Commercial,2024-10-01,44.1,1.22,108,Faulty,8.94
M1369,South,Commercial,2024-02-27,96.03,2.45,14,Faulty,6.17
M1370,Central,Industrial,2024-02-27,19.31,8.5,93,Active,9.69
M1371,Central,Industrial,2024-11-11,87.92,6.32,43,Faulty,5.7
M1372,North,Commercial,2024-06-12,86.46,5.9,42,Active,6.26
M1373,Central,Residential,2024-05-05,39.48,3.46,37,Faulty,9.99
M1374,Central,Commercial,2024-05-14,54.16,4.08,62,Active,6.44
M1375,South,Industrial,2024-10-03,6.46,4.41,111,Active,6.79
M1376,North,Residential,2024-12-10,91.27,1.26,57,Faulty,7.02
M1377,North,Industrial,2024-04-06,66.22,2.6,50,Faulty,9.6
M1378,South,Commercial,2024-12-14,89.74,9.82,99,Active,4.78
M1379,Central,Commercial,2024-10-05,53.9,6.01,64,Active,4.68
M1380,North,Residential,2024-09-10,71.91,8.97,76,Faulty,3.39
M1381,Central,Commercial,2024-10-30,5.31,3.91,43,Active,9.47
M1382,North,Industrial,2024-07-21,77.18,5.86,98,Active,9.08
M1383,North,Commercial,2024-01-22,83.25,5.96,25,Active,7.34
M1384,Central,Commercial,2024-06-29,99.16,3.28,119,Faulty,3.9
M1385,Central,Industrial,2024-08-30,6.56,7.48,25,Faulty,6.21
M1386,South,Industrial,2024-09-22,9.88,9.43,52,Active,7.56
M1387,Central,Residential,2024-07-17,35.02,9.36,113,Faulty,7.99
M1388,North,Industrial,2024-06-10,92.95,1.43,120,Active,8.09
M1389,North,Industrial,2024-09-21,55.31,6.53,93,Active,4.36
M1390,Central,Commercial,2024-11-16,85.79,9.32,110,Active,6.61
M1391,South,Commercial,2024-08-24,19.31,5.0,34,Active,5.73
M1392,South,Residential,2024-03-20,92.78,8.06,82,Faulty,4.05
M1393,North,Commercial,2024-01-21,95.86,5.73,19,Faulty,8.76
M1394,Central,Commercial,2024-03-07,79.71,6.4,95,Active,8.92
M1395,Central,Industrial,2024-04-19,35.94,1.94,62,Faulty,4.94
M1396,North,Residential,2024-12-20,57.41,6.9,16,Active,3.97
M1397,Central,Industrial,2024-12-09,95.16,7.13,93,Active,9.89
M1398,North,Residential,2024-10-10,93.27,5.46,7,Faulty,8.97
M1399,North,Residential,2024-06-11,65.74,9.59,25,Active,6.58
M1400,Central,Commercial,2024-05-05,56.49,3.15,40,Active,9.74
M1401,North,Industrial,2024-05-28,56.09,7.81,75,Faulty,3.39
M1402,Central,Residential,2024-11-13,54.4,7.08,100,Active,9.0
M1403,North,Commercial,2024-08-23,95.32,7.47,102,Faulty,9.9
M1404,North,Commercial,2024-09-08,11.5,9.66,0,Faulty,8.62
M1405,South,Residential,2024-12-12,50.18,3.52,41,Faulty,4.59
M1406,South,Industrial,2024-11-01,14.33,4.78,1,Active,8.47
M1407,Central,Industrial,2024-09-19,71.74,3.43,97,Faulty,7.16
M1408,Central,Industrial,2024-07-03,40.28,5.76,6,Faulty,4.05
M1409,Central,Residential,2024-05-16,91.49,1.61,77,Active,5.6
M1410,South,Industrial,2024-08-13,52.36,6.89,46,Active,8.4
M1411,South,Residential,2024-04-16,19.56,8.88,99,Faulty,9.01
M1412,South,Industrial,2024-02-02,35.19,9.09,64,Active,5.88
M1413,North,Commercial,2024-07-21,70.41,3.5,83,Active,9.49
M1414,Central,Commercial,2024-06-09,49.94,6.43,84,Faulty,7.55
M1415,South,Residential,2024-05-18,80.13,8.96,41,Active,9.78
M1416,North,Industrial,2024-12-26,31.56,9.1,24,Faulty,7.81
M1417,Central,Commercial,2024-02-11,61.65,7.8,21,Faulty,5.36
M1418,North,Industrial,2024-05-04,29.74,8.38,102,Faulty,7.6
M1419,North,Industrial,2024-12-10,75.66,4.74,62,Active,9.67
M1420,Central,Residential,2024-05-01,71.12,7.87,1,Faulty,8.36
M1421,Central,Commercial,2024-12-14,14.04,9.01,28,Active,4.54
M1422,South,Residential,2024-08-29,96.17,1.48,21,Faulty,6.09
M1423,North,Commercial,2024-04-23,96.97,8.16,17,Faulty,3.56
M1424,South,Residential,2024-11-20,6.02,8.98,53,Faulty,4.59
M1425,Central,Residential,2024-06-01,8.95,7.48,110,Active,3.7
M1426,South,Commercial,2024-09-27,13.8,6.19,75,Faulty,4.4
M1427,North,Residential,2024-09-07,53.66,6.99,100,Faulty,4.92
M1428,South,Commercial,2024-03-26,87.78,3.26,28,Faulty,3.38
M1429,North,Industrial,2024-02-20,52.74,5.4,16,Faulty,5.3
M1430,Central,Commercial,2024-03-20,81.06,7.17,38,Faulty,5.1
M1431,North,Commercial,2024-07-10,9.82,2.27,58,Active,9.95
M1432,South,Industrial,2024-07-10,20.07,1.96,88,Faulty,7.46
M1433,South,Commercial,2024-01-12,84.04,6.95,117,Active,7.11
M1434,Central,Commercial,2024-04-06,69.78,3.45,2,Active,7.52
M1435,North,Commercial,2024-10-22,61.05,5.13,3,Active,9.05
M1436,South,Residential,2024-04-21,74.14,4.15,0,Faulty,8.59
M1437,Central,Residential,2024-12-27,33.32,2.56,1,Active,4.54
M1438,Central,Industrial,2024-12-11,25.08,9.2,70,Faulty,4.22
M1439,North,Industrial,2024-06-13,32.68,2.2,33,Faulty,8.26
M1440,South,Residential,2024-03-01,7.09,2.2,74,Active,4.1
M1441,North,Commercial,2024-11-05,78.69,9.16,108,Faulty,6.84
M1442,North,Industrial,2024-11-30,86.72,9.41,115,Active,3.6
M1443,South,Industrial,2024-01-12,6.4,3.98,6,Active,5.23
M1444,North,Commercial,2024-05-31,15.28,4.0,113,Active,3.17
M1445,Central,Residential,2024-06-15,73.89,4.56,30,Faulty,6.2
M1446,Central,Industrial,2024-06-26,79.94,7.88,25,Faulty,8.91
M1447,North,Industrial,2024-05-08,44.5,5.9,27,Faulty,4.79
M1448,Central,Commercial,2024-05-18,94.94,7.51,91,Active,6.24
M1449,South,Commercial,2024-06-29,30.92,8.32,75,Faulty,9.16
M1450,South,Residential,2024-06-11,72.79,1.49,46,Active,3.66
M1451,South,Residential,2024-01-07,42.83,8.91,32,Active,6.8
M1452,North,Residential,2024-06-24,73.0,6.14,92,Active,5.74
M1453,Central,Industrial,2024-11-18,35.78,6.25,113,Faulty,4.96
M1454,North,Commercial,2024-05-21,29.55,6.15,50,Faulty,3.07
M1455,North,Industrial,2024-11-18,40.45,7.73,78,Active,4.46
M1456,North,Residential,2024-05-06,43.95,3.14,52,Faulty,4.09
M1457,South,Industrial,2024-06-16,28.72,6.34,42,Active,9.19
M1458,North,Residential,2024-10-26,39.58,5.23,11,Faulty,8.5
M1459,North,Residential,2024-04-03,47.01,8.78,72,Faulty,8.75
M1460,South,Commercial,2024-05-03,85.7,9.41,33,Active,9.43
M1461,Central,Industrial,2024-03-13,73.81,9.56,35,Active,6.6
M1462,North,Commercial,2024-06-02,78.75,9.17,53,Active,9.07
M1463,North,Commercial,2024-05-09,58.63,9.48,93,Active,6.87
M1464,Central,Residential,2024-06-14,96.93,8.44,23,Active,3.22
M1465,Central,Commercial,2024-07-18,17.25,9.65,113,Active,8.11
M1466,South,Commercial,2024-09-11,14.53,8.52,9,Active,7.43
M1467,North,Commercial,2024-09-27,6.59,7.99,110,Faulty,7.68
M1468,Central,Industrial,2024-10-03,85.86,8.31,36,Faulty,9.4
M1469,Central,Residential,2024-03-26,34.61,5.29,16,Active,9.04
M1470,North,Industrial,2024-09-04,84.78,8.89,22,Active,7.2
M1471,North,Residential,2024-09-29,59.98,7.52,17,Active,4.26
M1472,North,Commercial,2024-02-01,59.07,8.42,21,Active,4.25
M1473,Central,Residential,2024-12-18,87.6,2.18,85,Active,8.97
M1474,North,Commercial,2024-06-03,27.01,2.68,77,Active,9.34
M1475,South,Industrial,2024-01-03,72.39,5.41,44,Faulty,6.56
M1476,Central,Residential,2024-10-03,36.31,4.24,75,Faulty,7.1
M1477,South,Industrial,2024-03-16,15.65,8.43,93,Faulty,9.04
M1478,Central,Industrial,2024-10-02,78.81,5.48,0,Faulty,7.72
M1479,North,Commercial,2024-10-15,54.35,8.66,52,Active,7.96
M1480,South,Industrial,2024-03-17,39.8,8.57,40,Faulty,7.03
M1481,South,Industrial,2024-06-15,99.24,6.83,65,Active,4.49
M1482,North,Residential,2024-06-30,83.44,4.33,55,Faulty,5.53
M1483,Central,Residential,2024-11-08,7.87,9.27,1,Active,8.03
M1484,North,Commercial,2024-06-24,15.23,4.84,79,Faulty,6.93
M1485,North,Industrial,2024-03-14,86.82,6.36,45,Faulty,6.59
M1486,Central,Commercial,2024-07-24,67.42,8.63,91,Faulty,5.86
M1487,South,Commercial,2024-12-31,42.55,5.77,54,Active,7.77
M1488,North,Industrial,2024-10-24,46.83,7.26,72,Faulty,5.81
M1489,Central,Commercial,2024-03-30,62.7,5.68,56,Faulty,3.19
M1490,North,Residential,2024-07-18,40.14,8.78,108,Active,8.14
M1491,North,Residential,2024-05-23,54.79,3.72,11,Active,7.47
M1492,North,Industrial,2024-06-03,90.83,3.19,71,Faulty,6.7
M1493,Central,Industrial,2024-11-28,20.5,5.05,15,Faulty,7.59
M1494,Central,Commercial,2024-09-14,80.85,2.7,45,Faulty,4.72
M1495,North,Residential,2024-08-16,37.64,2.78,111,Active,4.28
M1496,North,Commercial,2024-10-21,45.52,5.0,24,Active,9.89
M1497,South,Commercial,2024-10-02,40.85,4.98,60,Active,6.92
M1498,South,Residential,2024-03-10,87.74,4.48,17,Faulty,6.9
M1499,North,Residential,2024-10-04,42.42,4.54,90,Active,7.71
M1500,South,Commercial,2024-03-02,6.11,7.98,96,Active,8.49
M1501,North,Industrial,2024-11-17,28.8,6.05,114,Active,9.59
M1502,North,Commercial,2024-10-25,29.84,3.85,98,Active,3.92
M1503,North,Industrial,2024-11-16,48.47,8.46,95,Active,8.84
M1504,Central,Residential,2024-10-03,6.01,4.11,18,Faulty,4.79
M1505,North,Residential,2024-07-13,70.96,4.0,65,Active,3.3
M1506,North,Residential,2024-11-08,24.54,3.08,42,Faulty,9.3
M1507,North,Commercial,2024-09-04,50.03,3.5,40,Active,3.39
M1508,South,Industrial,2024-02-08,35.08,5.52,8,Faulty,7.71
M1509,South,Residential,2024-08-07,25.09,7.4,74,Faulty,5.39
M1510,Central,Industrial,2024-12-06,9.97,1.24,80,Active,5.31
M1511,South,Industrial,2024-11-12,52.66,1.37,81,Active,7.06
M1512,South,Industrial,2024-01-27,15.83,4.0,91,Faulty,9.43
M1513,Central,Industrial,2024-12-08,94.18,8.23,119,Active,3.56
M1514,South,Residential,2024-08-31,97.06,9.34,67,Active,4.07
M1515,Central,Residential,2024-04-01,10.25,1.75,3,Faulty,5.06
M1516,South,Residential,2024-02-24,72.33,1.51,49,Faulty,4.24
M1517,North,Residential,2024-11-14,67.83,6.33,50,Faulty,8.2
M1518,North,Commercial,2024-04-24,21.52,4.47,44,Faulty,6.49
M1519,South,Industrial,2024-10-09,21.4,7.74,92,Faulty,4.79
M1520,Central,Residential,2024-05-29,69.78,8.52,17,Faulty,9.79
M1521,North,Commercial,2024-09-30,96.93,5.19,25,Faulty,3.88
M1522,South,Commercial,2024-11-22,91.0,4.24,62,Faulty,7.11
M1523,Central,Commercial,2024-12-08,16.84,8.71,43,Active,4.98
M1524,Central,Commercial,2024-05-12,9.82,7.39,21,Active,7.45
M1525,South,Industrial,2024-07-03,28.27,2.86,120,Faulty,5.73
M1526,Central,Commercial,2024-01-02,13.52,8.1,34,Active,7.71
M1527,North,Industrial,2024-08-25,42.02,6.66,27,Faulty,8.51
M1528,North,Industrial,2024-08-19,79.06,7.86,65,Faulty,4.78
M1529,South,Residential,2024-03-16,76.27,6.14,1,Active,7.86
M1530,Central,Residential,2024-05-28,79.73,9.94,15,Faulty,8.2
M1531,North,Commercial,2024-04-15,78.51,1.59,104,Active,3.76
M1532,South,Residential,2024-01-30,53.02,9.17,14,Faulty,9.67
M1533,North,Industrial,2024-09-19,68.12,4.81,6,Faulty,3.78
M1534,Central,Commercial,2024-05-04,61.89,7.51,31,Active,6.05
M1535,North,Residential,2024-04-24,28.77,9.57,23,Faulty,9.93
M1536,South,Residential,2024-05-04,78.96,2.6,56,Faulty,4.95
M1537,North,Industrial,2024-01-29,68.14,7.13,24,Faulty,6.04
M1538,North,Residential,2024-07-22,54.32,5.3,73,Active,7.76
M1539,South,Industrial,2024-11-19,23.36,9.77,48,Faulty,8.27
M1540,North,Commercial,2024-08-26,5.39,5.06,101,Faulty,7.01
M1541,North,Residential,2024-02-27,94.24,2.23,30,Faulty,5.6
M1542,South,Residential,2024-12-20,59.76,3.63,92,Faulty,4.13
M1543,Central,Commercial,2024-07-10,61.8,1.15,114,Active,8.79
M1544,North,Residential,2024-01-09,42.31,2.25,74,Active,4.79
M1545,Central,Industrial,2024-05-29,8.64,7.03,51,Faulty,3.92
M1546,Central,Commercial,2024-03-29,12.69,4.71,116,Faulty,9.32
M1547,North,Industrial,2024-12-22,69.89,6.45,33,Faulty,7.72
M1548,North,Residential,2024-12-04,98.36,3.41,23,Faulty,9.17
M1549,North,Industrial,2024-05-15,99.22,1.44,5,Active,8.08
M1550,South,Industrial,2024-08-26,97.12,9.14,89,Faulty,7.88
M1551,Central,Commercial,2024-10-04,42.25,2.79,0,Faulty,8.02
M1552,North,Residential,2024-08-23,12.13,1.84,40,Faulty,8.94
M1553,North,Commercial,2024-04-20,63.96,2.6,105,Active,7.06
M1554,Central,Industrial,2024-08-21,35.45,6.6,30,Active,5.76
M1555,North,Industrial,2024-08-02,88.75,6.41,30,Active,3.34
M1556,South,Residential,2024-12-07,78.05,1.55,112,Active,6.35
M1557,North,Residential,2024-01-28,75.74,5.12,37,Faulty,8.39
M1558,Central,Industrial,2024-10-04,41.63,8.92,112,Faulty,9.02
M1559,North,Industrial,2024-02-15,48.09,9.6,19,Active,8.85
M1560,Central,Residential,2024-02-23,25.97,2.19,58,Active,4.35
M1561,North,Industrial,2024-07-23,49.91,9.53,85,Active,6.74
M1562,Central,Residential,2024-05-28,79.7,5.19,95,Active,4.6
M1563,Central,Residential,2024-02-02,80.21,6.66,84,Faulty,6.37
M1564,Central,Residential,2024-04-27,45.51,6.21,25,Faulty,6.27
M1565,North,Industrial,2024-07-18,63.19,3.55,46,Faulty,5.82
M1566,Central,Residential,2024-03-10,61.74,7.91,107,Active,8.14
M1567,South,Residential,2024-09-22,93.49,8.57,66,Active,8.93
M1568,South,Residential,2024-02-12,69.52,9.55,68,Faulty,4.95
M1569,Central,Industrial,2024-02-28,36.51,7.78,43,Active,9.68
M1570,South,Commercial,2024-11-17,42.29,3.25,29,Active,9.05
M1571,South,Commercial,2024-02-24,46.3,3.07,48,Active,4.9
M1572,North,Residential,2024-09-01,57.99,1.71,36,Faulty,7.15
M1573,Central,Commercial,2024-09-15,96.12,9.18,61,Active,7.53
M1574,North,Commercial,2024-07-03,56.63,3.85,85,Active,5.36
M1575,South,Commercial,2024-12-23,21.89,2.56,85,Faulty,6.77
M1576,Central,Residential,2024-04-15,40.37,3.53,0,Faulty,6.29
M1577,Central,Industrial,2024-05-22,42.19,8.2,17,Active,6.76
M1578,Central,Industrial,2024-09-02,37.55,1.71,47,Active,3.57
M1579,South,Industrial,2024-10-04,97.73,1.23,35,Faulty,5.06
M1580,North,Industrial,2024-01-28,9.45,3.31,37,Active,3.15
M1581,North,Commercial,2024-04-13,19.17,1.25,47,Active,5.65
M1582,Central,Residential,2024-08-16,99.1,3.09,67,Active,8.42
M1583,Central,Residential,2024-11-22,62.69,4.66,18,Faulty,9.58
M1584,South,Commercial,2024-06-03,99.88,2.19,34,Faulty,9.72
M1585,Central,Industrial,2024-06-07,52.61,8.95,82,Faulty,5.21
M1586,North,Residential,2024-01-28,10.22,1.21,93,Faulty,8.77
M1587,Central,Commercial,2024-07-22,62.31,4.87,46,Faulty,5.53
M1588,South,Industrial,2024-01-15,17.3,8.21,64,Faulty,6.9
M1589,Central,Commercial,2024-06-27,83.44,3.34,49,Active,4.81
M1590,North,Residential,2024-03-19,29.65,7.26,46,Active,6.83
M1591,North,Residential,2024-05-28,23.56,7.08,91,Active,5.11
M1592,Central,Residential,2024-09-28,99.47,1.77,68,Active,7.49
M1593,North,Residential,2024-11-24,8.69,9.4,85,Active,9.61
M1594,North,Commercial,2024-06-01,36.85,7.09,103,Active,8.11
M1595,North,Residential,2024-10-06,15.35,9.54,75,Faulty,4.02
M1596,South,Commercial,2024-08-06,51.01,2.12,56,Faulty,9.75
M1597,North,Residential,2024-01-08,19.21,1.29,80,Active,4.32
M1598,South,Commercial,2024-06-26,89.02,5.07,115,Active,8.61
M1599,Central,Residential,2024-08-25,96.74,5.82,53,Active,5.88
M1600,Central,Commercial,2024-02-22,22.52,9.55,62,Faulty,3.14
M1601,North,Industrial,2024-12-08,99.35,1.93,115,Faulty,4.37
M1602,Central,Residential,2024-05-18,66.75,3.9,40,Faulty,5.02
M1603,South,Industrial,2024-01-28,46.4,9.87,71,Faulty,5.49
M1604,North,Industrial,2024-08-09,96.88,4.61,116,Active,6.64
M1605,Central,Industrial,2024-11-21,65.12,6.07,27,Active,9.31
M1606,Central,Commercial,2024-08-23,60.16,3.47,115,Faulty,7.59
M1607,South,Commercial,2024-01-30,46.16,2.05,113,Faulty,8.01
M1608,Central,Commercial,2024-11-27,87.95,9.46,45,Faulty,7.1
M1609,South,Residential,2024-03-01,73.29,6.4,16,Active,5.12
M1610,South,Commercial,2024-03-18,46.16,4.33,25,Faulty,3.1
M1611,South,Industrial,2024-01-19,83.0,6.91,114,Active,5.86
M1612,South,Residential,2024-02-05,92.4,3.85,63,Faulty,7.31
M1613,South,Commercial,2024-01-17,22.58,3.76,89,Active,5.15
M1614,Central,Residential,2024-05-18,87.31,5.42,57,Active,9.85
M1615,South,Commercial,2024-02-12,82.8,4.11,90,Faulty,8.05
M1616,South,Industrial,2024-06-24,73.57,9.76,1,Active,5.88
M1617,South,Residential,2024-08-27,78.06,7.16,51,Active,9.28
M1618,Central,Industrial,2024-07-26,54.13,1.13,119,Active,3.5
M1619,North,Industrial,2024-11-22,92.44,6.25,7,Active,5.8
M1620,South,Commercial,2024-03-12,57.89,5.82,68,Active,3.6
M1621,Central,Residential,2024-12-05,88.26,9.72,72,Active,7.69
M1622,North,Industrial,2024-10-11,82.94,9.35,53,Faulty,8.34
M1623,Central,Residential,2024-06-11,40.57,4.0,3,Faulty,9.45
M1624,Central,Residential,2024-12-18,18.11,9.49,48,Faulty,6.53
M1625,North,Commercial,2024-06-30,54.28,2.8,85,Faulty,9.74
M1626,Central,Residential,2024-02-28,83.46,1.52,22,Faulty,7.93
M1627,Central,Residential,2024-05-12,63.84,9.37,55,Faulty,8.35
M1628,Central,Industrial,2024-12-18,75.85,5.08,55,Faulty,3.77
M1629,South,Industrial,2024-01-02,44.43,9.88,22,Active,5.09
M1630,South,Commercial,2024-01-14,71.17,3.61,26,Faulty,9.96
M1631,Central,Industrial,2024-07-18,23.32,5.53,115,Active,8.14
M1632,South,Commercial,2024-09-25,56.84,8.01,42,Active,3.99
M1633,North,Residential,2024-12-07,85.55,2.4,19,Active,4.9
M1634,Central,Industrial,2024-07-28,95.93,2.11,19,Faulty,4.03
M1635,South,Industrial,2024-05-25,42.37,2.95,96,Active,5.32
M1636,North,Residential,2024-01-30,93.85,4.45,49,Active,8.84
M1637,South,Residential,2024-06-26,23.81,4.15,77,Faulty,7.72
M1638,North,Commercial,2024-08-26,67.72,8.38,2,Faulty,4.27
M1639,South,Residential,2024-11-02,50.1,6.98,107,Active,9.09
M1640,North,Residential,2024-10-07,27.96,1.65,72,Faulty,6.41
M1641,South,Residential,2024-08-06,69.0,6.96,106,Faulty,3.18
M1642,North,Residential,2024-07-03,9.99,3.36,99,Active,7.73
M1643,Central,Commercial,2024-08-07,27.07,8.54,92,Faulty,5.73
M1644,South,Residential,2024-05-10,38.08,9.16,21,Faulty,4.8
M1645,South,Commercial,2024-08-06,49.9,4.1,89,Active,5.15
M1646,South,Industrial,2024-04-13,40.59,8.93,84,Active,6.97
M1647,North,Industrial,2024-08-24,81.45,1.54,69,Active,9.94
M1648,Central,Residential,2024-10-02,66.7,1.93,53,Active,9.72
M1649,North,Industrial,2024-08-05,17.93,3.07,39,Faulty,4.78
M1650,North,Commercial,2024-09-25,74.84,4.4,31,Faulty,4.82
M1651,South,Industrial,2024-07-14,70.51,1.28,81,Faulty,5.32
M1652,South,Industrial,2024-01-06,23.4,5.46,82,Active,4.27
M1653,South,Residential,2024-09-18,35.78,8.86,79,Faulty,9.73
M1654,North,Industrial,2024-07-23,95.44,4.81,100,Active,6.57
M1655,North,Residential,2024-01-05,71.0,8.17,34,Faulty,4.15
M1656,North,Commercial,2024-06-03,14.46,5.19,114,Active,4.23
M1657,South,Residential,2024-03-15,62.78,2.95,29,Faulty,7.07
M1658,Central,Residential,2024-08-17,52.05,7.38,62,Faulty,9.84
M1659,North,Residential,2024-02-08,66.02,9.32,67,Faulty,6.9
M1660,Central,Residential,2024-06-07,88.96,6.94,110,Faulty,7.64
M1661,Central,Commercial,2024-07-14,88.54,1.44,11,Active,8.65
M1662,Central,Industrial,2024-01-17,18.65,7.57,46,Active,8.61
M1663,South,Residential,2024-11-13,86.54,8.49,20,Active,7.22
M1664,Central,Industrial,2024-07-17,8.7,6.58,114,Active,8.77
M1665,North,Residential,2024-04-04,31.59,5.11,97,Active,6.29
M1666,South,Residential,2024-10-23,57.99,1.02,5,Active,3.03
M1667,North,Industrial,2024-10-01,73.57,8.64,67,Faulty,6.34
M1668,Central,Industrial,2024-01-15,57.74,7.94,12,Active,4.32
M1669,South,Residential,2024-12-16,7.87,7.71,48,Active,5.23
M1670,South,Commercial,2024-10-20,10.87,9.62,60,Active,4.98
M1671,South,Residential,2024-10-30,75.04,1.8,61,Active,8.94
M1672,North,Commercial,2024-01-01,6.1,1.59,25,Active,3.55
M1673,South,Industrial,2024-09-06,50.48,6.24,73,Active,4.36
M1674,South,Industrial,2024-12-02,57.06,4.54,58,Faulty,9.94
M1675,South,Industrial,2024-04-01,35.31,4.85,76,Faulty,9.28
M1676,Central,Industrial,2024-09-11,85.83,8.26,104,Active,7.78
M1677,South,Industrial,2024-01-31,72.38,3.67,46,Faulty,4.15
M1678,South,Industrial,2024-03-01,70.85,7.46,105,Faulty,8.08
M1679,North,Industrial,2024-04-02,87.92,9.09,64,Faulty,7.34
M1680,North,Commercial,2024-03-27,19.46,3.37,70,Active,5.85
M1681,North,Industrial,2024-06-26,15.21,1.76,43,Active,7.1
M1682,North,Residential,2024-09-11,56.31,7.22,73,Faulty,4.11
M1683,Central,Residential,2024-08-09,52.44,4.67,102,Active,7.95
M1684,North,Commercial,2024-11-26,83.85,2.02,43,Active,5.38
M1685,North,Industrial,2024-09-08,12.4,6.41,17,Active,4.44
M1686,South,Commercial,2024-09-01,61.9,6.99,3,Faulty,3.39
M1687,South,Industrial,2024-11-05,99.59,3.29,72,Active,7.38
M1688,Central,Commercial,2024-10-31,18.8,3.0,51,Faulty,8.69
M1689,South,Residential,2024-07-17,45.32,9.69,33,Faulty,9.3
M1690,North,Industrial,2024-12-13,29.55,5.6,58,Faulty,6.8
M1691,North,Industrial,2024-09-06,20.38,9.14,39,Active,5.43
M1692,South,Industrial,2024-05-03,82.61,5.63,25,Faulty,5.32
M1693,North,Residential,2024-10-13,97.51,8.62,3,Faulty,7.18
M1694,South,Residential,2024-12-17,10.69,1.78,44,Active,5.26
M1695,Central,Residential,2024-11-25,74.51,3.57,13,Faulty,9.89
M1696,Central,Commercial,2024-05-16,50.65,9.33,70,Active,7.95
M1697,South,Industrial,2024-03-05,18.68,5.93,80,Active,6.63
M1698,South,Commercial,2024-05-15,23.6,5.27,69,Faulty,8.05
M1699,North,Residential,2024-06-08,46.26,7.78,1,Active,6.44
M1700,North,Commercial,2024-06-20,42.12,5.95,53,Active,3.33
M1701,South,Commercial,2024-03-31,93.07,9.52,66,Faulty,6.67
M1702,Central,Industrial,2024-06-10,46.79,9.89,106,Active,8.73
M1703,South,Industrial,2024-08-01,50.55,3.59,93,Active,9.28
M1704,North,Residential,2024-08-12,57.0,6.77,37,Active,3.6
M1705,North,Residential,2024-04-12,80.43,5.05,24,Active,3.46
M1706,North,Industrial,2024-02-20,38.36,4.41,56,Active,3.05
M1707,North,Residential,2024-05-04,16.08,4.75,22,Active,4.96
M1708,North,Commercial,2024-10-11,88.84,6.42,78,Faulty,7.52
M1709,North,Commercial,2024-06-18,98.76,8.66,77,Active,3.18
M1710,South,Industrial,2024-07-30,90.1,5.31,73,Faulty,4.49
M1711,Central,Industrial,2024-10-14,47.37,3.74,110,Active,8.26
M1712,Central,Residential,2024-08-13,54.95,9.0,106,Active,5.66
M1713,South,Industrial,2024-10-12,62.76,6.88,2,Active,8.8
M1714,North,Industrial,2024-05-05,11.46,1.05,83,Faulty,8.64
M1715,South,Residential,2024-09-30,95.36,7.67,36,Active,9.67
M1716,South,Commercial,2024-08-24,10.36,1.08,94,Active,8.13
M1717,Central,Commercial,2024-11-04,61.98,3.68,68,Faulty,8.55
M1718,North,Residential,2024-01-16,39.31,3.56,81,Faulty,8.57
M1719,South,Industrial,2024-10-05,49.37,4.52,64,Active,5.33
M1720,South,Commercial,2024-01-19,87.89,7.76,116,Faulty,9.38
M1721,Central,Commercial,2024-10-20,51.29,2.43,19,Faulty,6.38
M1722,South,Industrial,2024-04-25,63.46,6.97,87,Active,7.46
M1723,South,Residential,2024-03-09,36.29,8.07,57,Active,7.43
M1724,Central,Industrial,2024-10-29,48.45,1.07,10,Faulty,9.84
M1725,South,Residential,2024-11-18,44.32,1.6,49,Faulty,8.39
M1726,South,Industrial,2024-07-08,20.36,6.31,25,Active,7.04
M1727,Central,Commercial,2024-06-18,77.03,5.82,13,Active,8.4
M1728,Central,Residential,2024-07-09,62.98,6.35,31,Faulty,5.14
M1729,North,Industrial,2024-06-01,5.15,2.6,96,Faulty,6.2
M1730,North,Industrial,2024-03-10,14.27,8.32,56,Active,3.17
M1731,South,Commercial,2024-01-25,52.17,9.6,18,Active,4.38
M1732,Central,Commercial,2024-12-27,69.48,2.15,64,Active,3.89
M1733,South,Commercial,2024-04-09,84.24,4.58,94,Active,7.56
M1734,South,Commercial,2024-02-22,73.94,3.02,10,Faulty,5.46
M1735,South,Residential,2024-12-23,38.78,4.59,107,Faulty,7.95
M1736,North,Residential,2024-01-14,29.81,6.96,24,Active,9.0
M1737,North,Residential,2024-10-08,90.77,3.2,55,Faulty,4.45
M1738,South,Industrial,2024-07-29,59.92,4.02,10,Faulty,4.86
M1739,Central,Commercial,2024-11-08,92.69,4.44,61,Active,7.22
M1740,South,Commercial,2024-09-20,34.14,5.41,22,Active,6.31
M1741,North,Commercial,2024-05-01,86.51,9.45,60,Active,8.7
M1742,Central,Residential,2024-12-15,70.31,1.19,104,Active,9.97
M1743,North,Commercial,2024-06-05,7.49,8.89,86,Active,6.97
M1744,South,Industrial,2024-05-15,96.73,1.13,1,Active,4.91
M1745,South,Residential,2024-12-18,26.34,3.13,92,Faulty,3.83
M1746,South,Industrial,2024-06-06,98.23,5.47,93,Active,3.76
M1747,Central,Commercial,2024-12-09,32.84,4.42,34,Faulty,4.52
M1748,South,Residential,2024-02-13,49.47,3.99,100,Faulty,5.09
M1749,Central,Industrial,2024-07-04,25.35,5.13,72,Active,6.96
M1750,Central,Residential,2024-08-30,76.94,6.59,98,Active,4.7
M1751,Central,Industrial,2024-06-10,54.97,8.78,56,Active,9.25
M1752,Central,Industrial,2024-09-16,98.93,3.64,32,Faulty,7.32
M1753,North,Residential,2024-01-13,88.32,5.29,108,Active,4.06
M1754,North,Commercial,2024-01-01,22.67,1.52,105,Faulty,6.72
M1755,South,Residential,2024-07-08,80.95,9.91,49,Faulty,9.27
M1756,Central,Commercial,2024-12-02,72.17,9.39,102,Faulty,4.64
M1757,North,Residential,2024-02-22,31.0,5.47,10,Faulty,6.01
M1758,South,Industrial,2024-01-27,99.58,2.87,15,Active,6.22
M1759,Central,Commercial,2024-03-29,51.6,2.64,114,Active,4.74
M1760,North,Residential,2024-12-14,50.92,7.44,48,Active,8.57
M1761,Central,Industrial,2024-09-14,59.62,9.8,34,Active,9.73
M1762,North,Residential,2024-06-14,21.18,3.4,29,Active,3.39
M1763,North,Residential,2024-06-01,30.94,7.9,67,Active,9.25
M1764,South,Commercial,2024-06-25,93.84,2.58,19,Active,9.7
M1765,North,Industrial,2024-02-04,82.72,1.16,55,Faulty,3.22
M1766,North,Industrial,2024-05-13,6.59,5.96,82,Faulty,3.99
M1767,Central,Commercial,2024-08-29,68.15,9.08,104,Faulty,9.17
M1768,Central,Commercial,2024-08-23,9.82,4.2,26,Faulty,7.59
M1769,North,Commercial,2024-11-16,52.07,5.11,69,Active,4.25
M1770,South,Industrial,2024-09-15,22.46,2.69,53,Faulty,3.26
M1771,North,Commercial,2024-05-31,85.99,1.78,0,Active,7.09
M1772,South,Industrial,2024-10-08,9.2,4.94,16,Faulty,3.52
M1773,South,Industrial,2024-03-30,95.53,4.38,24,Active,6.05
M1774,South,Commercial,2024-09-24,41.71,6.38,56,Faulty,8.31
M1775,Central,Commercial,2024-11-22,84.42,4.92,10,Active,8.16
M1776,South,Commercial,2024-02-19,93.23,7.2,39,Faulty,9.37
M1777,North,Residential,2024-07-20,59.9,2.69,117,Active,4.37
M1778,Central,Commercial,2024-09-24,23.41,1.99,114,Faulty,9.84
M1779,North,Residential,2024-10-20,92.63,5.77,104,Faulty,7.13
M1780,North,Industrial,2024-07-09,47.57,2.12,24,Faulty,4.0
M1781,North,Commercial,2024-12-06,16.06,8.55,87,Active,5.7
M1782,North,Residential,2024-10-23,33.41,9.71,120,Faulty,5.65
M1783,Central,Residential,2024-02-14,72.3,2.96,35,Faulty,4.73
M1784,Central,Commercial,2024-01-03,57.5,7.29,12,Faulty,3.46
M1785,South,Industrial,2024-11-29,24.31,1.51,105,Active,8.7
M1786,Central,Industrial,2024-03-18,58.32,9.04,69,Active,7.32
M1787,Central,Commercial,2024-06-27,7.45,9.98,35,Active,9.01
M1788,South,Industrial,2024-01-30,68.44,6.03,71,Active,3.17
M1789,North,Residential,2024-04-01,65.29,9.35,19,Active,6.79
M1790,Central,Industrial,2024-05-15,86.86,8.95,42,Active,4.53
M1791,North,Industrial,2024-06-07,84.09,3.69,106,Active,7.02
M1792,South,Industrial,2024-03-16,65.26,7.35,82,Active,8.19
M1793,Central,Residential,2024-12-07,45.9,4.06,26,Active,3.99
M1794,South,Commercial,2024-08-14,90.6,9.14,45,Faulty,3.77
M1795,North,Residential,2024-09-06,6.03,1.86,57,Faulty,8.44
M1796,Central,Industrial,2024-05-12,85.81,9.08,66,Active,7.73
M1797,North,Industrial,2024-10-09,99.68,7.36,21,Active,7.42
M1798,North,Commercial,2024-01-09,99.58,4.61,22,Faulty,4.84
M1799,South,Industrial,2024-11-19,89.99,5.34,117,Active,8.22
M1800,South,Industrial,2024-03-11,22.34,8.01,117,Active,9.51
M1801,Central,Commercial,2024-10-13,24.32,4.15,114,Active,3.53
M1802,Central,Commercial,2024-10-16,30.05,3.07,39,Faulty,8.83
M1803,Central,Industrial,2024-02-10,64.65,8.83,118,Active,4.53
M1804,North,Industrial,2024-05-10,20.43,8.51,43,Faulty,5.05
M1805,South,Commercial,2024-04-20,56.32,9.64,117,Faulty,5.11
M1806,Central,Industrial,2024-01-04,30.04,9.47,7,Faulty,6.86
M1807,Central,Residential,2024-07-29,34.92,2.65,101,Faulty,6.31
M1808,North,Residential,2024-12-19,72.12,4.44,45,Faulty,4.16
M1809,South,Residential,2024-09-05,18.09,7.28,29,Faulty,9.17
M1810,South,Industrial,2024-07-22,97.92,8.48,117,Active,5.25
M1811,South,Commercial,2024-05-18,38.41,5.48,6,Faulty,4.29
M1812,South,Residential,2024-06-07,5.57,6.84,71,Active,8.87
M1813,Central,Residential,2024-05-27,17.72,6.57,112,Active,6.78
M1814,South,Commercial,2024-05-23,83.56,1.12,69,Faulty,6.05
M1815,South,Commercial,2024-11-08,30.08,7.61,11,Active,5.36
M1816,South,Industrial,2024-06-03,75.38,7.08,112,Active,9.72
M1817,South,Industrial,2024-11-12,75.48,8.46,103,Active,3.81
M1818,South,Commercial,2024-09-14,14.07,1.26,22,Active,7.99
M1819,North,Commercial,2024-05-01,85.64,3.86,37,Active,6.71
M1820,South,Commercial,2024-04-14,59.36,8.42,69,Faulty,4.4
M1821,North,Commercial,2024-03-20,92.55,5.22,79,Faulty,8.77
M1822,South,Commercial,2024-08-11,65.86,6.4,54,Active,3.69
M1823,North,Residential,2024-01-27,48.32,8.4,20,Active,4.64
M1824,Central,Industrial,2024-02-05,27.66,2.48,63,Faulty,3.42
M1825,South,Industrial,2024-03-21,32.64,8.4,54,Faulty,8.95
M1826,North,Residential,2024-01-15,5.33,4.38,42,Active,4.69
M1827,Central,Residential,2024-08-13,41.28,9.89,38,Faulty,8.66
M1828,South,Commercial,2024-05-27,69.1,5.15,75,Faulty,8.68
M1829,Central,Industrial,2024-05-09,95.64,2.56,70,Active,8.71
M1830,South,Residential,2024-02-10,37.04,6.62,113,Faulty,5.89
M1831,Central,Industrial,2024-04-19,23.34,4.29,119,Faulty,5.47
M1832,North,Residential,2024-07-11,53.33,8.52,22,Faulty,6.01
M1833,South,Residential,2024-07-03,33.94,2.02,18,Active,3.94
M1834,North,Residential,2024-06-06,93.39,5.0,64,Faulty,6.07
M1835,South,Commercial,2024-04-12,71.9,8.39,101,Active,8.79
M1836,North,Commercial,2024-08-29,82.17,5.14,91,Faulty,5.74
M1837,Central,Residential,2024-10-20,82.26,8.51,82,Faulty,5.42
M1838,North,Industrial,2024-09-03,28.35,1.68,74,Faulty,3.63
M1839,South,Residential,2024-12-12,89.56,4.69,85,Active,3.87
M1840,Central,Industrial,2024-09-30,25.31,8.22,73,Faulty,7.23
M1841,South,Commercial,2024-05-08,92.52,8.01,53,Faulty,6.79
M1842,Central,Industrial,2024-11-11,78.48,5.63,40,Active,4.85
M1843,Central,Commercial,2024-08-01,60.05,9.88,25,Faulty,4.63
M1844,Central,Residential,2024-04-06,83.48,5.14,67,Faulty,6.02
M1845,Central,Commercial,2024-09-16,41.66,9.06,69,Active,6.96
M1846,South,Commercial,2024-03-12,66.51,4.88,1,Faulty,8.97
M1847,Central,Industrial,2024-04-11,59.63,1.04,55,Faulty,6.48
M1848,Central,Industrial,2024-04-17,52.95,9.89,83,Active,9.21
M1849,North,Residential,2024-04-12,25.43,9.11,61,Active,7.41
M1850,South,Commercial,2024-07-23,81.25,7.91,49,Faulty,4.07
M1851,Central,Residential,2024-06-18,94.96,1.95,4,Active,5.61
M1852,Central,Industrial,2024-02-16,30.1,4.44,64,Faulty,4.47
M1853,North,Industrial,2024-01-06,82.7,2.16,41,Faulty,5.24
M1854,South,Commercial,2024-05-20,62.66,1.53,35,Active,9.81
M1855,North,Residential,2024-03-21,46.24,5.79,96,Faulty,4.21
M1856,Central,Residential,2024-02-11,48.28,5.64,93,Active,9.2
M1857,South,Industrial,2024-09-14,54.1,5.07,102,Active,9.03
M1858,Central,Residential,2024-08-20,41.02,4.63,108,Active,4.52
M1859,North,Residential,2024-08-09,75.12,8.56,57,Faulty,5.7
M1860,Central,Residential,2024-04-11,36.6,3.83,104,Faulty,7.74
M1861,South,Industrial,2024-11-21,10.58,9.41,37,Active,7.48
M1862,Central,Commercial,2024-05-25,96.55,2.03,97,Faulty,6.9
M1863,North,Industrial,2024-12-01,80.06,4.75,30,Faulty,4.02
M1864,South,Residential,2024-11-13,78.88,4.85,107,Active,6.26
M1865,South,Industrial,2024-08-16,85.57,9.38,88,Active,6.75
M1866,South,Residential,2024-12-20,35.42,7.75,78,Faulty,6.17
M1867,South,Industrial,2024-12-10,12.57,9.69,10,Active,5.91
M1868,Central,Industrial,2024-01-14,91.84,3.41,92,Active,6.25
M1869,North,Industrial,2024-06-11,12.6,3.81,106,Active,8.22
M1870,South,Residential,2024-06-23,93.94,4.21,2,Active,8.43
M1871,Central,Residential,2024-06-17,56.73,7.15,72,Faulty,4.71
M1872,South,Commercial,2024-07-02,45.35,9.92,96,Faulty,5.58
M1873,North,Commercial,2024-03-04,99.38,1.39,87,Faulty,6.78
M1874,North,Industrial,2024-08-11,95.38,3.48,120,Faulty,3.31
M1875,South,Residential,2024-01-16,68.77,9.39,43,Faulty,8.13
M1876,Central,Residential,2024-10-28,61.73,3.41,66,Active,8.72
M1877,North,Industrial,2024-10-01,38.09,2.6,10,Faulty,6.56
M1878,South,Industrial,2024-07-16,99.63,4.81,0,Active,4.3
M1879,North,Industrial,2024-11-16,54.45,3.87,66,Active,4.42
M1880,North,Residential,2024-08-02,17.93,4.73,48,Active,9.64
M1881,North,Residential,2024-03-08,81.16,9.77,30,Faulty,7.68
M1882,South,Industrial,2024-03-09,6.81,9.75,39,Faulty,6.54
M1883,Central,Industrial,2024-01-04,30.78,2.1,117,Active,5.53
M1884,South,Residential,2024-03-26,28.91,5.19,113,Faulty,9.86
M1885,North,Residential,2024-02-12,51.61,9.25,28,Faulty,3.57
M1886,South,Residential,2024-05-04,19.98,5.23,63,Active,6.93
M1887,North,Commercial,2024-05-07,16.06,6.15,38,Faulty,9.18
M1888,South,Residential,2024-11-13,62.2,4.86,46,Active,3.0
M1889,North,Industrial,2024-05-18,46.56,2.58,43,Active,5.96
M1890,Central,Residential,2024-11-05,56.51,6.84,4,Active,7.18
M1891,Central,Residential,2024-05-28,13.31,3.43,9,Active,9.57
M1892,South,Residential,2024-07-19,22.01,2.29,34,Faulty,7.56
M1893,North,Industrial,2024-07-24,54.3,3.31,92,Active,6.89
M1894,North,Industrial,2024-06-12,31.17,3.64,37,Faulty,7.22
M1895,South,Commercial,2024-03-13,38.19,9.71,44,Faulty,6.14
M1896,South,Residential,2024-12-26,94.55,5.48,8,Faulty,6.79
M1897,Central,Industrial,2024-06-06,53.68,5.36,24,Faulty,6.88
M1898,North,Residential,2024-01-22,21.15,3.78,51,Active,6.8
M1899,Central,Residential,2024-12-26,21.44,2.25,93,Faulty,3.72
